P, Matthew, 1, 2, Abraham zeugte Isaak. Isaak zeugte Jakob. Jakob zeugte Juda und seine Brüder.
P, Matthew, 1, 22, Das ist aber alles geschehen, auf daß erfüllt würde, was der HERR durch den Propheten gesagt hat, der da spricht:
P, Matthew, 2, 17, Da ist erfüllt, was gesagt ist von dem Propheten Jeremia, der da spricht:
P, Matthew, 4, 4, Und er antwortete und sprach: Es steht geschrieben: "Der Mensch lebt nicht vom Brot allein, sondern von einem jeglichen Wort, das durch den Mund Gottes geht."
P, Matthew, 5, 2, Und er tat seinen Mund auf, lehrte sie und sprach:
P, Matthew, 5, 20, Denn ich sage euch: Es sei denn eure Gerechtigkeit besser als der Schriftgelehrten und Pharisäer, so werdet ihr nicht in das Himmelreich kommen.
P, Matthew, 7, 21, Es werden nicht alle, die zu mir sagen: HERR, HERR! ins Himmelreich kommen, sondern die den Willen tun meines Vaters im Himmel.
P, Matthew, 8, 11, Aber ich sage euch viele werden kommen vom Morgen und vom Abend und mit Abraham und Isaak und Jakob im Himmelreich sitzen;
P, Matthew, 9, 34, Aber die Pharisäer sprachen: Er treibt die Teufel aus durch der Teufel Obersten.
P, Matthew, 10, 37, Wer Vater oder Mutter mehr liebt denn mich, der ist mein nicht wert; und wer Sohn oder Tochter mehr liebt denn mich, der ist mein nicht wert.
P, Matthew, 11, 15, Wer Ohren hat, zu hören, der höre!
P, Matthew, 12, 8, Des Menschen Sohn ist ein HERR auch über den Sabbat.
P, Matthew, 13, 9, Wer Ohren hat zu hören, der höre!
P, Matthew, 13, 16, Aber selig sind eure Augen, daß sie sehen, und eure Ohren, daß sie hören.
P, Matthew, 15, 1,  Da kamen zu ihm die Schriftgelehrten und Pharisäer von Jerusalem und sprachen:
P, Matthew, 16, 16, Da antwortete Simon Petrus und sprach: Du bist Christus, des lebendigen Gottes Sohn!
P, Matthew, 18, 1,  Zu derselben Stunde traten die Jünger zu Jesu und sprachen: Wer ist doch der Größte im Himmelreich?
P, Matthew, 19, 26, Jesus aber sah sie an und sprach zu ihnen: Bei den Menschen ist es unmöglich; aber bei Gott sind alle Dinge möglich.
P, Matthew, 19, 27, Da antwortete Petrus und sprach zu ihm: Siehe, wir haben alles verlassen und sind dir nachgefolgt; was wird uns dafür?
P, Matthew, 21, 4, Das geschah aber alles, auf daß erfüllt würde, was gesagt ist durch den Propheten, der da spricht:
P, Matthew, 21, 23, Und als er in den Tempel kam, traten zu ihm, als er lehrte, die Hohenpriester und die Ältesten im Volk und sprachen: Aus was für Macht tust du das? und wer hat dir die Macht gegeben?
P, Matthew, 22, 40, In diesen zwei Geboten hängt das ganze Gesetz und die Propheten.
P, Matthew, 23, 1,  Da redete Jesus zu dem Volk und zu seinen Jüngern
P, Matthew, 24, 33, Also auch wenn ihr das alles sehet, so wisset, daß es nahe vor der Tür ist.
P, Matthew, 25, 31, Wenn aber des Menschen Sohn kommen wird in seiner Herrlichkeit und alle heiligen Engel mit ihm, dann wird er sitzen auf dem Stuhl seiner Herrlichkeit,
P, Matthew, 26, 1,  Und es begab sich, da Jesus alle diese Reden vollendet hatte, sprach er zu seinen Jüngern:
P, Matthew, 27, 25, Da antwortete das ganze Volk und sprach: Sein Blut komme über uns und unsere Kinder.
P, Mark, 4, 9, Und er sprach zu ihnen: Wer Ohren hat, zu hören, der höre!
P, Mark, 4, 23, Wer Ohren hat, zu hören, der höre!
P, Mark, 7, 1,  Und es kamen zu ihm die Pharisäer und etliche von den Schriftgelehrten, die von Jerusalem gekommen waren.
P, Mark, 7, 16, Hat jemand Ohren, zu hören, der höre!
P, Mark, 9, 8, Und bald darnach sahen sie um sich und sahen niemand mehr denn allein Jesum bei ihnen.
P, Mark, 10, 23, Und Jesus sah um sich und sprach zu seinen Jüngern: Wie schwer werden die Reichen in das Reich Gottes kommen!
P, Mark, 10, 27, Jesus aber sah sie an und sprach: Bei den Menschen ist's unmöglich, aber nicht bei Gott; denn alle Dinge sind möglich bei Gott.
P, Mark, 10, 28, Da sagte Petrus zu ihm: Siehe, wir haben alles verlassen und sind dir nachgefolgt.
P, Mark, 10, 36, Er sprach zu ihnen: Was wollt ihr, daß ich euch tue?
P, Mark, 11, 28, und sprachen zu ihm: Aus was für Macht tust du das? und wer hat dir die Macht gegeben, daß du solches tust?
P, Mark, 12, 35, Und Jesus antwortete und sprach, da er lehrte im Tempel: Wie sagen die Schriftgelehrten, Christus sei Davids Sohn?
P, Mark, 13, 4, Sage uns, wann wird das alles geschehen? Und was wird das Zeichen sein, wann das alles soll vollendet werden?
P, Mark, 13, 21, Wenn nun jemand zu der Zeit wird zu euch sagen: Siehe, hier ist Christus! siehe, da ist er! so glaubet nicht.
P, Mark, 13, 23, Ihr aber sehet euch vor! Siehe, ich habe es euch alles zuvor gesagt.
P, Luke, 2, 52, Und Jesus nahm zu an Weisheit, Alter und Gnade bei Gott und den Menschen.
P, Luke, 3, 10, Und das Volk fragte ihn und sprach: Was sollen wir denn tun?
P, Luke, 4, 4, Und Jesus antwortete und sprach zu ihm: Es steht geschrieben: "Der Mensch lebt nicht allein vom Brot, sondern von einem jeglichen Wort Gottes."
P, Luke, 4, 12, Jesus antwortete und sprach zu ihm: Es ist gesagt: "Du sollst Gott, deinen HERRN, nicht versuchen."
P, Luke, 6, 31, Und wie ihr wollt, daß euch die Leute tun sollen, also tut ihnen gleich auch ihr.
P, Luke, 7, 19, und sandte sie zu Jesu und ließ ihm sagen: Bist du, der da kommen soll, oder sollen wir eines andern warten?
P, Luke, 7, 40, Jesus antwortete und sprach zu ihm: Simon, ich habe dir etwas zu sagen. Er aber sprach: Meister, sage an.
P, Luke, 8, 12, Die aber an dem Wege sind, das sind, die es hören; darnach kommt der Teufel und nimmt das Wort von ihrem Herzen, auf daß sie nicht glauben und selig werden.
P, Luke, 8, 21, Er aber antwortete und sprach zu ihnen: Meine Mutter und meine Brüder sind diese, die Gottes Wort hören und tun.
P, Luke, 9, 18, Und es begab sich, da er allein war und betete und seine Jünger zu ihm traten, fragte er sie und sprach: Wer sagen die Leute, daß ich sei?
P, Luke, 12, 57, Warum richtet ihr aber nicht von euch selber, was recht ist?
P, Luke, 13, 10, Und er lehrte in einer Schule am Sabbat.
P, Luke, 13, 30, Und siehe, es sind Letzte, die werden die Ersten sein, und sind Erste, die werden die Letzten sein.
P, Luke, 14, 1,  Und es begab sich, daß er kam in ein Haus eines Obersten der Pharisäer an einem Sabbat, das Brot zu essen; und sie hatten acht auf ihn.
P, Luke, 14, 20, Und der dritte sprach: Ich habe ein Weib genommen, darum kann ich nicht kommen.
P, Luke, 15, 11, Und er sprach: Ein Mensch hatte zwei Söhne.
P, Luke, 15, 26, und er rief zu sich der Knechte einen und fragte, was das wäre.
P, Luke, 17, 33, Wer da sucht, seine Seele zu erhalten, der wird sie verlieren; und wer sie verlieren wird, der wird ihr zum Leben helfen.
P, Luke, 18, 26, Da sprachen, die das hörten: Wer kann denn selig werden?
P, Luke, 18, 27, Er aber sprach: Was bei den Menschen unmöglich ist, das ist bei Gott möglich.
P, Luke, 18, 28, Da sprach Petrus: Siehe, wir haben alles verlassen und sind dir nachgefolgt.
P, Luke, 19, 1,  Und er zog hinein und ging durch Jericho.
P, Luke, 19, 10, Denn des Menschen Sohn ist gekommen, zu suchen und selig zu machen, das verloren ist.
P, Luke, 19, 19, Zu dem sprach er auch: Du sollst sein über fünf Städte.
P, Luke, 19, 26, Ich sage euch aber: Wer da hat, dem wird gegeben werden; von dem aber, der nicht hat, wird auch das genommen werden, was er hat.
P, Luke, 20, 2, und sagten zu ihm und sprachen: Sage uns, aus was für Macht tust du das? oder wer hat dir die Macht gegeben?
P, Luke, 20, 8, Und Jesus sprach zu ihnen: So sage ich euch auch nicht, aus was für Macht ich das tue.
P, Luke, 20, 34, Und Jesus antwortete und sprach zu ihnen: Die Kinder dieser Welt freien und lassen sich freien;
P, Luke, 20, 39, Da antworteten etliche der Schriftgelehrten und sprachen: Meister, du hast recht gesagt.
P, Luke, 20, 41, Er sprach aber zu ihnen: Wie sagen sie, Christus sei Davids Sohn?
P, Luke, 20, 44, David nennt ihn einen HERRN; wie ist er denn sein Sohn?
P, Luke, 21, 38, Und alles Volk machte sich früh auf zu ihm, im Tempel ihn zu hören.
P, Luke, 22, 33, Er sprach aber zu ihm: HERR, ich bin bereit, mit dir ins Gefängnis und in den Tod zu gehen.
P, Luke, 22, 69, Darum von nun an wird des Menschen Sohn sitzen zur rechten Hand der Kraft Gottes.
P, Luke, 23, 6, Da aber Pilatus Galiläa hörte, fragte er, ob er aus Galiläa wäre.
P, Luke, 23, 13, Pilatus aber rief die Hohenpriester und die Obersten und das Volk zusammen
P, Luke, 24, 48, Ihr aber seid des alles Zeugen.
P, John, 1, 1,  Im Anfang war das Wort, und das Wort war bei Gott, und Gott war das Wort.
P, John, 1, 4, In ihm war das Leben, und das Leben war das Licht der Menschen.
P, John, 1, 7, Dieser kam zum Zeugnis, daß er von dem Licht zeugte, auf daß sie alle durch ihn glaubten.
P, John, 1, 8, Er war nicht das Licht, sondern daß er zeugte von dem Licht.
P, John, 1, 17, Denn das Gesetz ist durch Moses gegeben; die Gnade und Wahrheit ist durch Jesum Christum geworden.
P, John, 1, 30, Dieser ist's, von dem ich gesagt habe: Nach mir kommt ein Mann, welcher vor mir gewesen ist; denn er war eher denn ich.
P, John, 1, 34, Und ich sah es und zeugte, daß dieser ist Gottes Sohn.
P, John, 1, 35, Des andern Tages stand abermals Johannes und zwei seiner Jünger.
P, John, 2, 4, Jesus spricht zu ihr: Weib, was habe ich mit dir zu schaffen? Meine Stunde ist noch nicht gekommen.
P, John, 2, 13, Und der Juden Ostern war nahe, und Jesus zog hinauf gen Jerusalem.
P, John, 3, 2, Der kam zu Jesu bei der Nacht und sprach zu ihm: Meister, wir wissen, daß du bist ein Lehrer von Gott gekommen; denn niemand kann die Zeichen tun, die du tust, es sei denn Gott mit ihm.
P, John, 3, 3, Jesus antwortete und sprach zu ihm: Wahrlich, wahrlich, ich sage dir: Es sei denn, daß jemand von neuem geboren werde, so kann er das Reich Gottes nicht sehen.
P, John, 3, 15, auf das alle, die an ihn glauben, nicht verloren werden, sondern das ewige Leben haben.
P, John, 3, 17, Denn Gott hat seinen Sohn nicht gesandt in die Welt, daß er die Welt richte, sondern daß die Welt durch ihn selig werde.
P, John, 3, 21, Wer aber die Wahrheit tut, der kommt an das Licht, daß seine Werke offenbar werden; denn sie sind in Gott getan.
P, John, 3, 27, Johannes antwortete und sprach: Ein Mensch kann nichts nehmen, es werde ihm denn gegeben vom Himmel.
P, John, 3, 28, Ihr selbst seid meine Zeugen, daß ich gesagt habe, ich sei nicht Christus, sondern vor ihm her gesandt.
P, John, 3, 36, Wer an den Sohn glaubt, der hat das ewige Leben. Wer dem Sohn nicht glaubt, der wird das Leben nicht sehen, sondern der Zorn Gottes bleibt über ihm.
P, John, 4, 17, Das Weib antwortete und sprach zu ihm: Ich habe keinen Mann. Jesus spricht zu ihr: Du hast recht gesagt: Ich habe keinen Mann.
P, John, 4, 30, Da gingen sie aus der Stadt und kamen zu ihm.
P, John, 4, 32, Er aber sprach zu ihnen: Ich habe eine Speise zu essen, von der ihr nicht wisset.
P, John, 4, 33, Da sprachen die Jünger untereinander: Hat ihm jemand zu essen gebracht?
P, John, 5, 1,  Darnach war ein Fest der Juden, und Jesus zog hinauf gen Jerusalem.
P, John, 5, 21, Denn wie der Vater die Toten auferweckt und macht sie lebendig, also auch der Sohn macht lebendig, welche er will.
P, John, 5, 22, Denn der Vater richtet niemand; sondern alles Gericht hat er dem Sohn gegeben,
P, John, 5, 25, Wahrlich, wahrlich, ich sage euch: Es kommt die Stunde und ist schon jetzt, daß die Toten werden die Stimme des Sohnes Gottes hören; und die sie hören werden, die werden leben.
P, John, 5, 26, Denn wie der Vater hat das Leben in ihm selber, also hat er dem Sohn gegeben, das Leben zu haben in ihm selber,
P, John, 5, 27, und hat ihm Macht gegeben, auch das Gericht zu halten, darum daß er des Menschen Sohn ist.
P, John, 5, 30, Ich kann nichts von mir selber tun. Wie ich höre, so richte ich, und mein Gericht ist recht; denn ich suche nicht meinen Willen, sondern des Vaters Willen, der mich gesandt hat.
P, John, 6, 4, Es war aber nahe Ostern, der Juden Fest.
P, John, 6, 8, Spricht zu ihm einer seiner Jünger, Andreas, der Bruder des Simon Petrus:
P, John, 6, 14, Da nun die Menschen das Zeichen sahen, das Jesus tat, sprachen sie: Das ist wahrlich der Prophet, der in die Welt kommen soll.
P, John, 6, 32, Da sprach Jesus zu ihnen: Wahrlich, wahrlich ich sage euch: Mose hat euch nicht das Brot vom Himmel gegeben, sondern mein Vater gibt euch das rechte Brot vom Himmel.
P, John, 6, 33, Denn dies ist das Brot Gottes, das vom Himmel kommt und gibt der Welt das Leben.
P, John, 6, 36, Aber ich habe es euch gesagt, daß ihr mich gesehen habt, und glaubet doch nicht.
P, John, 6, 38, Denn ich bin vom Himmel gekommen, nicht daß ich meinen Willen tue, sondern den Willen des, der mich gesandt hat.
P, John, 6, 48, Ich bin das Brot des Lebens.
P, John, 6, 60, Viele nun seine Jünger, die das hörten, sprachen: Das ist eine harte Rede; wer kann sie hören?
P, John, 6, 65, Und er sprach: Darum habe ich euch gesagt: Niemand kann zu mir kommen, es sei ihm denn von meinem Vater gegeben.
P, John, 7, 5, Denn auch seine Brüder glaubten nicht an ihn.
P, John, 7, 13, Niemand aber redete frei von ihm um der Furcht willen vor den Juden.
P, John, 7, 14, Aber mitten im Fest ging Jesus hinauf in den Tempel und lehrte.
P, John, 7, 19, Hat euch nicht Mose das Gesetz gegeben? und niemand unter euch tut das Gesetz. Warum sucht ihr mich zu töten?
P, John, 7, 20, Das Volk antwortete und sprach: Du hast den Teufel; wer versucht dich zu töten?
P, John, 7, 31, Aber viele vom Volk glaubten an ihn und sprachen: Wenn Christus kommen wird, wird er auch mehr Zeichen tun, denn dieser tut?
P, John, 7, 33, Da sprach Jesus zu ihnen: Ich bin noch eine kleine Zeit bei euch, und dann gehe ich hin zu dem, der mich gesandt hat.
P, John, 7, 40, Viele nun vom Volk, die diese Rede hörten, sprachen: Dieser ist wahrlich der Prophet.
P, John, 7, 41, Andere sprachen: Er ist Christus. Etliche aber sprachen: Soll Christus aus Galiläa kommen?
P, John, 7, 46, Die Knechte antworteten: Es hat nie ein Mensch also geredet wie dieser Mensch.
P, John, 7, 50, Spricht zu ihnen Nikodemus, der bei der Nacht zu ihm kam, welcher einer unter ihnen war:
P, John, 8, 15, Ihr richtet nach dem Fleisch; ich richte niemand.
P, John, 8, 16, So ich aber richte, so ist mein Gericht recht; denn ich bin nicht allein, sondern ich und der Vater, der mich gesandt hat.
P, John, 8, 24, So habe ich euch gesagt, daß ihr sterben werdet in euren Sünden; denn so ihr nicht glaubt, daß ich es sei, so werdet ihr sterben in euren Sünden.
P, John, 8, 30, Da er solches redete, glaubten viele an ihn.
P, John, 8, 31, Da sprach nun Jesus zu den Juden, die an ihn glaubten: So ihr bleiben werdet an meiner Rede, so seid ihr meine rechten Jünger
P, John, 8, 32, und werdet die Wahrheit erkennen, und die Wahrheit wird euch frei machen.
P, John, 8, 34, Jesus antwortete ihnen und sprach: Wahrlich, wahrlich ich sage euch: Wer Sünde tut, der ist der Sünde Knecht.
P, John, 8, 35, Der Knecht aber bleibt nicht ewiglich im Hause; der Sohn bleibt ewiglich.
P, John, 8, 36, So euch nun der Sohn frei macht, so seid ihr recht frei.
P, John, 8, 38, Ich rede, was ich von meinem Vater gesehen habe; so tut ihr, was ihr von eurem Vater gesehen habt.
P, John, 8, 45, Ich aber, weil ich die Wahrheit sage, so glaubet ihr mir nicht.
P, John, 8, 47, Wer von Gott ist, der hört Gottes Worte; darum hört ihr nicht, denn ihr seid nicht von Gott.
P, John, 8, 50, Ich suche nicht meine Ehre; es ist aber einer, der sie sucht, und richtet.
P, John, 8, 51, Wahrlich, wahrlich ich sage euch: So jemand mein Wort wird halten, der wird den Tod nicht sehen ewiglich.
P, John, 9, 12, Da sprachen sie zu ihm: Wo ist er? Er sprach: Ich weiß nicht.
P, John, 9, 26, Da sprachen sie wieder zu ihm: Was tat er dir? Wie tat er deine Augen auf?
P, John, 9, 33, Wäre dieser nicht von Gott, er könnte nichts tun.
P, John, 9, 36, Er antwortete und sprach: Herr, welcher ist's? auf daß ich an ihn glaube.
P, John, 9, 37, Jesus sprach zu ihm: Du hast ihn gesehen, und der mit dir redet, der ist's.
P, John, 9, 38, Er aber sprach: HERR, ich glaube, und betete ihn an.
P, John, 10, 25, Jesus antwortete ihnen: Ich habe es euch gesagt, und ihr glaubet nicht. Die Werke, die ich tue in meines Vaters Namen, die zeugen von mir.
P, John, 10, 30, Ich und der Vater sind eins.
P, John, 10, 41, Und viele kamen zu ihm und sprachen: Johannes tat kein Zeichen; aber alles, was Johannes von diesem gesagt hat, das ist wahr.
P, John, 11, 27, Sie spricht zu ihm: HERR, ja, ich glaube, daß du bist Christus, der Sohn Gottes, der in die Welt gekommen ist.
P, John, 11, 35, Und Jesus gingen die Augen über.
P, John, 11, 45, Viele nun der Juden, die zu Maria gekommen waren und sahen, was Jesus tat, glaubten an ihn.
P, John, 11, 48, Lassen wir ihn also, so werden sie alle an ihn glauben; so kommen dann die Römer und nehmen uns Land und Leute.
P, John, 12, 32, Und ich, wenn ich erhöht werde von der Erde, so will ich sie alle zu mir ziehen.
P, John, 12, 43, Denn sie hatten lieber die Ehre bei den Menschen als die Ehre bei Gott.
P, John, 12, 44, Jesus aber rief und sprach: Wer an mich glaubt, der glaubt nicht an mich, sondern an den, der mich gesandt hat.
P, John, 12, 45, Und wer mich sieht, der sieht den, der mich gesandt hat.
P, John, 12, 46, Ich bin gekommen in die Welt ein Licht, auf daß, wer an mich glaubt, nicht in der Finsternis bleibe.
P, John, 12, 49, Denn ich habe nicht von mir selber geredet; sondern der Vater, der mich gesandt hat, der hat mir ein Gebot gegeben, was ich tun und reden soll.
P, John, 12, 50, Und ich weiß, daß sein Gebot ist das ewige Leben. Darum, was ich rede, das rede ich also, wie mir der Vater gesagt hat.
P, John, 13, 16, Wahrlich, wahrlich ich sage euch: Der Knecht ist nicht größer denn sein Herr, noch der Apostel größer denn der ihn gesandt hat.
P, John, 13, 17, So ihr solches wisset, selig seid ihr, so ihr's tut.
P, John, 14, 6, Jesus spricht zu ihm: Ich bin der Weg und die Wahrheit und das Leben; niemand kommt zum Vater denn durch mich.
P, John, 14, 20, An dem Tage werdet ihr erkennen, daß ich in meinem Vater bin und ihr in mir und ich in euch.
P, John, 14, 23, Jesus antwortete und sprach zu ihm: Wer mich liebt, der wird mein Wort halten; und mein Vater wird ihn lieben, und wir werden zu ihm kommen und Wohnung bei ihm machen.
P, John, 14, 24, Wer mich aber nicht liebt, der hält meine Worte nicht. Und das Wort, das ihr hört, ist nicht mein, sondern des Vaters, der mich gesandt hat.
P, John, 15, 27, Und ihr werdet auch zeugen; denn ihr seid von Anfang bei mir gewesen.
P, John, 16, 3, Und solches werden sie euch darum tun, daß sie weder meinen Vater noch mich erkennen.
P, John, 16, 9, um die Sünde, daß sie nicht glauben an mich;
P, John, 16, 10, um die Gerechtigkeit aber, daß ich zum Vater gehe und ihr mich hinfort nicht sehet;
P, John, 16, 31, Jesus antwortete ihnen: Jetzt glaubet ihr?
P, John, 17, 7, Nun wissen sie, daß alles, was du mir gegeben hast, sei von dir.
P, John, 17, 16, Sie sind nicht von der Welt, gleichwie ich auch nicht von der Welt bin.
P, John, 17, 22, Und ich habe ihnen gegeben die Herrlichkeit, die du mir gegeben hast, daß sie eins seien, gleichwie wir eins sind,
P, John, 19, 7, Die Juden antworteten ihm: Wir haben ein Gesetz, und nach dem Gesetz soll er sterben; denn er hat sich selbst zu Gottes Sohn gemacht.
P, John, 19, 22, Pilatus antwortete: Was ich geschrieben habe, das habe ich geschrieben.
P, John, 19, 27, Darnach spricht er zu dem Jünger: Siehe, das ist deine Mutter! Und von der Stunde an nahm sie der Jünger zu sich.
P, John, 20, 28, Thomas antwortete und sprach zu ihm: Mein HERR und mein Gott!
P, John, 21, 5, Spricht Jesus zu ihnen: Kinder, habt ihr nichts zu essen? Sie antworteten ihm: Nein.
P, John, 21, 21, Da Petrus diesen sah, spricht er zu Jesus: HERR, was soll aber dieser?
P, John, 21, 22, Jesus spricht zu ihm: So ich will, daß er bleibe, bis ich komme, was geht es dich an? Folge du mir nach!
P, John, 21, 23, Da ging eine Rede aus unter den Brüdern: Dieser Jünger stirbt nicht. Und Jesus sprach nicht zu ihm: "Er stirbt nicht", sondern: "So ich will, daß er bleibe, bis ich komme, was geht es dich an?"
P, Acts, 2, 16, sondern das ist's, was durch den Propheten Joel zuvor gesagt ist:
P, Acts, 2, 32, Diesen Jesus hat Gott auferweckt; des sind wir alle Zeugen.
P, Acts, 3, 15, aber den Fürsten des Lebens habt ihr getötet. Den hat Gott auferweckt von den Toten; des sind wir Zeugen.
P, Acts, 5, 11, Und es kam eine große Furcht über die ganze Gemeinde und über alle, die solches hörten.
P, Acts, 7, 50, Hat nicht meine Hand das alles gemacht?"
P, Acts, 9, 10, Es war aber ein Jünger zu Damaskus mit Namen Ananias; zu dem sprach der HERR im Gesicht: Ananias! Und er sprach: Hier bin ich, HERR.
P, Acts, 10, 40, Den hat Gott auferweckt am dritten Tage und ihn lassen offenbar werden,
P, Acts, 12, 22, Das Volk aber rief zu: Das ist Gottes Stimme und nicht eines Menschen!
P, Acts, 13, 30, Aber Gott hat ihn auferweckt von den Toten;
P, Acts, 13, 39, Wer aber an diesen glaubt, der ist gerecht.
P, Acts, 14, 16, der in den vergangenen Zeiten hat lassen alle Heiden wandeln ihre eigenen Wege;
P, Acts, 15, 6, Aber die Apostel und die Ältesten kamen zusammen, über diese Rede sich zu beraten.
P, Acts, 15, 15, Und damit stimmen der Propheten Reden, wie geschrieben steht:
P, Acts, 16, 31, Sie sprachen: Glaube an den HERRN Jesus Christus, so wirst du und dein Haus selig!
P, Acts, 16, 32, Und sie sagten ihm das Wort des HERRN und allen, die in seinem Hause waren.
P, Acts, 17, 33, Also ging Paulus von ihnen.
P, Acts, 18, 19, Und er kam gen Ephesus und ließ sie daselbst; er aber ging in die Schule und redete mit den Juden.
P, Acts, 19, 7, Und aller der Männer waren bei zwölf.
P, Acts, 19, 41, Und da er solches gesagt, ließ er die Gemeinde gehen.
P, Acts, 21, 23, So tue nun dies, was wir dir sagen.
P, Acts, 22, 13, der kam zu mir und trat her und sprach zu mir: Saul, lieber Bruder, siehe auf! Und ich sah ihn an zu derselben Stunde.
P, Acts, 28, 26, und gesprochen: "Gehe hin zu diesem Volk und sprich: Mit den Ohren werdet ihr's hören, und nicht verstehen; und mit den Augen werdet ihr's sehen, und nicht erkennen.
P, Romans, 1, 3, von seinem Sohn, der geboren ist von dem Samen Davids nach dem Fleisch
P, Romans, 1, 6, unter welchen ihr auch seid, die da berufen sind von Jesu Christo,
P, Romans, 1, 19, Denn was man von Gott weiß, ist ihnen offenbar; denn Gott hat es ihnen offenbart,
P, Romans, 2, 2, Denn wir wissen, daß Gottes Urteil ist recht über die, so solches tun.
P, Romans, 3, 10, wie denn geschrieben steht: "Da ist nicht, der gerecht sei, auch nicht einer.
P, Romans, 3, 18, Es ist keine Furcht Gottes vor ihren Augen."
P, Romans, 4, 1,  Was sagen wir denn von unserm Vater Abraham, daß er gefunden habe nach dem Fleisch?
P, Romans, 5, 1,  Nun wir denn sind gerecht geworden durch den Glauben, so haben wir Frieden mit Gott durch unsern HERRN Jesus Christus,
P, Romans, 6, 8, Sind wir aber mit Christo gestorben, so glauben wir, daß wir auch mit ihm leben werden,
P, Romans, 6, 10, Denn was er gestorben ist, das ist er der Sünde gestorben zu einem Mal; was er aber lebt, das lebt er Gott.
P, Romans, 6, 11, Also auch ihr, haltet euch dafür, daß ihr der Sünde gestorben seid und lebt Gott in Christo Jesus, unserm HERRN.
P, Romans, 6, 18, Denn nun ihr frei geworden seid von der Sünde, seid ihr Knechte der Gerechtigkeit geworden.
P, Romans, 7, 19, Denn das Gute, das ich will, das tue ich nicht; sondern das Böse, das ich nicht will, das tue ich.
P, Romans, 8, 10, So nun aber Christus in euch ist, so ist der Leib zwar tot um der Sünde willen, der Geist aber ist Leben um der Gerechtigkeit willen.
P, Romans, 8, 14, Denn welche der Geist Gottes treibt, die sind Gottes Kinder.
P, Romans, 8, 24, Denn wir sind wohl selig, doch in der Hoffnung. Die Hoffnung aber, die man sieht, ist nicht Hoffnung; denn wie kann man des hoffen, das man sieht?
P, Romans, 8, 25, So wir aber des hoffen, das wir nicht sehen, so warten wir sein durch Geduld.
P, Romans, 9, 9, Denn dies ist ein Wort der Verheißung, da er spricht: "Um diese Zeit will ich kommen, und Sara soll einen Sohn haben."
P, Romans, 14, 7, Denn unser keiner lebt sich selber, und keiner stirbt sich selber.
P, Romans, 14, 8, Leben wir, so leben wir dem HERRN; sterben wir, so sterben wir dem HERRN. Darum, wir leben oder sterben, so sind wir des HERRN.
P, Romans, 16, 24, Die Gnade unsers HERRN Jesus Christus sei mit euch allen! Amen.
P, 1 Corinthians, 1, 3, Gnade sei mit euch und Friede von Gott, unserm Vater, und dem HERRN Jesus Christus!
P, 1 Corinthians, 2, 11, Denn welcher Mensch weiß, was im Menschen ist, als der Geist des Menschen, der in ihm ist? Also auch weiß niemand, was in Gott ist, als der Geist Gottes.
P, 1 Corinthians, 2, 12, Wir aber haben nicht empfangen den Geist der Welt, sondern den Geist aus Gott, daß wir wissen können, was uns von Gott gegeben ist;
P, 1 Corinthians, 3, 23, ihr aber seid Christi, Christus aber ist Gottes.
P, 1 Corinthians, 8, 6, so haben wir doch nur einen Gott, den Vater, von welchem alle Dinge sind und wir zu ihm; und einen HERRN, Jesus Christus, durch welchen alle Dinge sind und wir durch ihn.
P, 1 Corinthians, 9, 1,  Bin ich nicht ein Apostel? Bin ich nicht frei? Habe ich nicht unsern HERRN Jesus Christus gesehen? Seid ihr nicht mein Werk in dem HERRN?
P, 1 Corinthians, 9, 6, Oder haben allein ich und Barnabas keine Macht, nicht zu arbeiten?
P, 1 Corinthians, 10, 24, Niemand suche das Seine, sondern ein jeglicher, was des andern ist.
P, 1 Corinthians, 11, 1,  Seid meine Nachfolger, gleichwie ich Christi!
P, 1 Corinthians, 11, 11, Doch ist weder der Mann ohne das Weib, noch das Weib ohne den Mann in dem HERRN;
P, 1 Corinthians, 13, 13, Nun aber bleibt Glaube, Hoffnung, Liebe, diese drei; aber die Liebe ist die größte unter ihnen.
P, 1 Corinthians, 15, 22, Denn gleichwie sie in Adam alle sterben, also werden sie in Christo alle lebendig gemacht werden.
P, 1 Corinthians, 15, 30, Und was stehen wir alle Stunde in der Gefahr?
P, 1 Corinthians, 15, 38, Gott aber gibt ihm einen Leib, wie er will, und einem jeglichen von den Samen seinen eigenen Leib.
P, 1 Corinthians, 15, 45, Wie es geschrieben steht: der erste Mensch, Adam, "ward zu einer lebendigen Seele", und der letzte Adam zum Geist, der da lebendig macht.
P, 1 Corinthians, 15, 57, Gott aber sei Dank, der uns den Sieg gegeben hat durch unsern HERRN Jesus Christus!
P, 1 Corinthians, 16, 8, Ich werde aber zu Ephesus bleiben bis Pfingsten.
P, 1 Corinthians, 16, 10, So Timotheus kommt, so sehet zu, daß er ohne Furcht bei euch sei; denn er treibt auch das Werk des HERRN wie ich.
P, 1 Corinthians, 16, 23, Die Gnade des HERRN Jesu Christi sei mit euch!
P, 1 Corinthians, 16, 24, Meine Liebe sei mit euch allen in Christo Jesu! Amen.
P, 2 Corinthians, 1, 2, Gnade sei mit euch und Friede von Gott, unserm Vater, und dem HERRN Jesus Christus!
P, 2 Corinthians, 3, 8, wie sollte nicht viel mehr das Amt, das den Geist gibt, Klarheit haben!
P, 2 Corinthians, 3, 17, Denn der HERR ist der Geist; wo aber der Geist des HERRN ist, da ist Freiheit.
P, 2 Corinthians, 13, 8, Denn wir können nichts wider die Wahrheit, sondern für die Wahrheit.
P, Galatians, 1, 1,  Paulus, ein Apostel (nicht von Menschen, auch nicht durch Menschen, sondern durch Jesum Christum und Gott, den Vater, der ihn auferweckt hat von den Toten),
P, Galatians, 1, 3, Gnade sei mit euch und Friede von Gott, dem Vater, und unserm HERRN Jesus Christus,
P, Galatians, 1, 5, welchem sei Ehre von Ewigkeit zu Ewigkeit! Amen.
P, Galatians, 3, 26, Denn ihr seid alle Gottes Kinder durch den Glauben an Christum Jesum.
P, Galatians, 4, 28, Wir aber, liebe Brüder, sind, Isaak nach, der Verheißung Kinder.
P, Galatians, 5, 4, Ihr habt Christum verloren, die ihr durch das Gesetz gerecht werden wollt, und seid von der Gnade gefallen.
P, Galatians, 5, 5, Wir aber warten im Geist durch den Glauben der Gerechtigkeit, auf die man hoffen muß.
P, Galatians, 6, 18, Die Gnade unsers HERRN Jesu Christi sei mit eurem Geist, liebe Brüder! Amen.
P, Ephesians, 1, 2, Gnade sei mit euch und Friede von Gott, unserm Vater, und dem HERRN Jesus Christus!
P, Ephesians, 2, 5, da wir tot waren in den Sünden, hat er uns samt Christo lebendig gemacht (denn aus Gnade seid ihr selig geworden)
P, Ephesians, 3, 2, wie ihr ja gehört habt von dem Amt der Gnade Gottes, die mir an euch gegeben ist,
P, Ephesians, 3, 15, der der rechte Vater ist über alles, was da Kinder heißt im Himmel und auf Erden,
P, Ephesians, 3, 21, dem sei Ehre in der Gemeinde, die in Christo Jesu ist, zu aller Zeit, von Ewigkeit zu Ewigkeit! Amen.
P, Ephesians, 4, 6, ein Gott und Vater unser aller, der da ist über euch allen und durch euch alle und in euch allen.
P, Ephesians, 5, 1,  So seid nun Gottes Nachfolger als die lieben Kinder
P, Ephesians, 6, 2, "Ehre Vater und Mutter," das ist das erste Gebot, das Verheißung hat:
P, Ephesians, 6, 23, Friede sei den Brüdern und Liebe mit Glauben von Gott, dem Vater, und dem HERRN Jesus Christus!
P, Philippians, 1, 2, Gnade sei mit euch und Friede von Gott, unserm Vater, und dem HERRN Jesus Christus!
P, Philippians, 1, 21, Denn Christus ist mein Leben, und Sterben ist mein Gewinn.
P, Philippians, 2, 9, Darum hat ihn auch Gott erhöht und hat ihm einen Namen gegeben, der über alle Namen ist,
P, Philippians, 2, 18, Dessen sollt ihr euch auch freuen und sollt euch mit mir freuen.
P, Philippians, 2, 21, Denn sie suchen alle das ihre, nicht, das Christi Jesu ist.
P, Philippians, 4, 20, Gott aber, unserm Vater, sei Ehre von Ewigkeit zu Ewigkeit! Amen.
P, Philippians, 4, 23, Die Gnade unsers HERRN Jesu Christi sei mit euch allen! Amen.
P, Colossians, 1, 1,  Paulus, ein Apostel Jesu Christi durch den Willen Gottes, und Bruder Timotheus
P, Colossians, 3, 23, Alles, was ihr tut, das tut von Herzen als dem HERRN und nicht den Menschen,
P, 1 Thessalonians, 1, 3, und denken an euer Werk im Glauben und an eure Arbeit in der Liebe und an eure Geduld in der Hoffnung, welche ist unser HERR Jesus Christus, vor Gott und unserm Vater.
P, 1 Thessalonians, 4, 2, Denn ihr wisset, welche Gebote wir euch gegeben haben durch den HERRN Jesus.
P, 1 Thessalonians, 5, 28, Die Gnade unsers HERRN Jesu Christi sei mit euch! Amen.
P, 2 Thessalonians, 1, 2, Gnade sei mit euch und Friede von Gott, unserm Vater, und dem HERRN Jesus Christus!
P, 2 Thessalonians, 3, 5, Der HERR aber richte eure Herzen zu der Liebe Gottes und zu der Geduld Christi.
P, 2 Thessalonians, 3, 10, Und da wir bei euch waren, geboten wir euch solches, daß, so jemand nicht will arbeiten, der soll auch nicht essen.
P, 2 Thessalonians, 3, 18, Die Gnade unsers HERRN Jesu Christi sei mit euch allen! Amen.
P, 1 Timothy, 1, 7, wollen der Schrift Meister sein, und verstehen nicht, was sie sagen oder was sie setzen.
P, 1 Timothy, 1, 8, Wir wissen aber, daß das Gesetz gut ist, so es jemand recht braucht
P, 2 Timothy, 1, 1,  Paulus, ein Apostel Jesu Christi durch den Willen Gottes nach der Verheißung des Lebens in Christo Jesu,
P, 2 Timothy, 1, 2, meinem lieben Sohn Timotheus: Gnade, Barmherzigkeit, Friede von Gott, dem Vater, und Christo Jesu, unserm HERRN!
P, 2 Timothy, 2, 1,  So sei nun stark, mein Sohn, durch die Gnade in Christo Jesu.
P, Philemon, 1, 3, Gnade sei mit euch und Friede von Gott, unserm Vater, und dem HERRN Jesus Christus!
P, Philemon, 1, 25, Die Gnade unsers HERRN Jesu Christi sei mit eurem Geist! Amen.
P, Hebrews, 2, 13, Und abermals: "Ich will mein Vertrauen auf ihn setzen." und abermals: "Siehe da, ich und die Kinder, welche mir Gott gegeben hat."
P, Hebrews, 4, 5, und hier an diesem Ort abermals: "Sie sollen nicht kommen zu meiner Ruhe."
P, Hebrews, 5, 4, Und niemand nimmt sich selbst die Ehre, sondern er wird berufen von Gott gleichwie Aaron.
P, Hebrews, 9, 16, Denn wo ein Testament ist, da muß der Tod geschehen des, der das Testament machte.
P, Hebrews, 9, 17, Denn ein Testament wird fest durch den Tod; es hat noch nicht Kraft, wenn der noch lebt, der es gemacht hat.
P, Hebrews, 9, 27, Und wie den Menschen gesetzt ist, einmal zu sterben, darnach aber das Gericht:
P, Hebrews, 10, 21, und haben einen Hohenpriester über das Haus Gottes:
P, Hebrews, 13, 25, Die Gnade sei mit euch allen! Amen.
P, James, 1, 19, Darum, liebe Brüder, ein jeglicher Mensch sei schnell, zu hören, langsam aber, zu reden, und langsam zum Zorn.
P, James, 1, 20, Denn des Menschen Zorn tut nicht, was vor Gott recht ist.
P, James, 2, 17, Also auch der Glaube, wenn er nicht Werke hat, ist er tot an ihm selber.
P, James, 2, 24, So sehet ihr nun, daß der Mensch durch die Werke gerecht wird, nicht durch den Glauben allein.
P, James, 2, 26, Denn gleichwie der Leib ohne Geist tot ist, also ist auch der Glaube ohne Werke tot.
P, 1 Peter, 4, 7, Es ist aber nahe gekommen das Ende aller Dinge.
P, 2 Peter, 1, 18, Und diese Stimme haben wir gehört vom Himmel geschehen, da wir mit ihm waren auf dem heiligen Berge.
P, 1 John, 2, 24, Was ihr nun gehört habt von Anfang, das bleibe bei euch. So bei euch bleibt, was ihr von Anfang gehört habt, so werdet ihr auch bei dem Sohn und dem Vater bleiben.
P, 1 John, 3, 11, Denn das ist die Botschaft, die ihr gehört habt von Anfang, daß wir uns untereinander lieben sollen.
P, 1 John, 3, 23, Und das ist sein Gebot, daß wir glauben an den Namen seines Sohnes Jesu Christi und lieben uns untereinander, wie er uns ein Gebot gegeben hat.
P, 1 John, 3, 24, Und wer seine Gebote hält, der bleibt in ihm und er in ihm. Und daran erkennen wir, daß er in uns bleibt, an dem Geist, den er uns gegeben hat.
P, 1 John, 4, 5, Sie sind von der Welt; darum reden sie von der Welt, und die Welt hört sie.
P, 1 John, 4, 21, Und dies Gebot haben wir von ihm, daß, wer Gott liebt, daß der auch seinen Bruder liebe.
P, 1 John, 5, 1,  Wer da glaubt, daß Jesus sei der Christus, der ist von Gott geboren; und wer da liebt den, der ihn geboren hat, der liebt auch den, der von ihm geboren ist.
P, 1 John, 5, 2, Daran erkennen wir, daß wir Gottes Kinder lieben, wenn wir Gott lieben und seine Gebote halten.
P, 1 John, 5, 3, Denn das ist die Liebe zu Gott, daß wir seine Gebote halten; und seine Gebote sind nicht schwer.
P, 1 John, 5, 7, Denn drei sind, die da zeugen: der Geist und das Wasser und das Blut;
P, 1 John, 5, 11, Und das ist das Zeugnis, daß uns Gott das ewige Leben hat gegeben; und solches Leben ist in seinem Sohn.
P, 1 John, 5, 12, Wer den Sohn Gottes hat, der hat das Leben; wer den Sohn Gottes nicht hat, der hat das Leben nicht.
P, 1 John, 5, 13, Solches habe ich euch geschrieben, die ihr glaubet an den Namen des Sohnes Gottes, auf daß ihr wisset, daß ihr das ewige Leben habt, und daß ihr glaubet an den Namen des Sohnes Gottes.
P, 2 John, 1, 2, um der Wahrheit willen, die in uns bleibt und bei uns sein wird in Ewigkeit.
P, 2 John, 1, 3, Gnade, Barmherzigkeit, Friede von Gott, dem Vater, und von dem HERRN Jesus Christus, dem Sohn des Vaters, in der Wahrheit und in der Liebe, sei mit euch!
P, 2 John, 1, 6, Und das ist die Liebe, daß wir wandeln nach seinem Gebot; das ist das Gebot, wie ihr gehört habt von Anfang, daß ihr in derselben wandeln sollt.
P, Revelation, 2, 25, doch was ihr habt, das haltet, bis daß ich komme.
P, Revelation, 13, 9, Hat jemand Ohren, der höre!
P, Revelation, 13, 13, und tut große Zeichen, daß es auch macht Feuer vom Himmel fallen vor den Menschen;
P, Revelation, 14, 12, Hier ist Geduld der Heiligen; hier sind, die da halten die Gebote Gottes und den Glauben an Jesum.
P, Revelation, 17, 10, Fünf sind gefallen, und einer ist, und der andere ist noch nicht gekommen; und wenn er kommt, muß er eine kleine Zeit bleiben.
P, Revelation, 17, 18, Und das Weib, das du gesehen hast, ist die große Stadt, die das Reich hat über die Könige auf Erden.
P, Revelation, 21, 3, Und ich hörte eine große Stimme von dem Stuhl, die sprach: Siehe da, die Hütte Gottes bei den Menschen! und er wird bei ihnen wohnen, und sie werden sein Volk sein, und er selbst, Gott mit ihnen, wird ihr Gott sein;
P, Revelation, 21, 24, Und die Heiden, die da selig werden, wandeln in ihrem Licht; und die Könige auf Erden werden ihre Herrlichkeit in sie bringen.
P, Revelation, 21, 26, Und man wird die Herrlichkeit und die Ehre der Heiden in sie bringen.
P, Revelation, 22, 13, Ich bin das A und das O, der Anfang und das Ende, der Erste und der Letzte.
P, Genesis, 1, 13, Da ward aus Abend und Morgen der dritte Tag. 
P, Genesis, 3, 9, Und Gott der HERR rief Adam und sprach zu ihm: Wo bist du? 
P, Genesis, 9, 9, Siehe, ich richte mit euch einen Bund auf und mit eurem Samen nach euch 
P, Genesis, 18, 10, Da sprach er: Ich will wieder zu dir kommen über ein Jahr; siehe, so soll Sara, dein Weib, einen Sohn haben. Das hörte Sara hinter ihm, hinter der Tür der Hütte. 
P, Genesis, 18, 14, Sollte dem HERRN etwas unmöglich sein? Um diese Zeit will ich wieder zu dir kommen über ein Jahr, so soll Sara einen Sohn haben. 
P, Genesis, 22, 11, Da rief ihm der Engel des HERRN vom Himmel und sprach: Abraham! Abraham! Er antwortete: Hier bin ich. 
P, Genesis, 22, 15, Und der Engel des HERRN rief Abraham abermals vom Himmel 
P, Genesis, 24, 36, Dazu hat Sara, meines Herrn Weib, einen Sohn geboren meinem Herrn in seinem Alter; dem hat er alles gegeben, was er hat. 
P, Genesis, 27, 18, Und er ging hinein zu seinem Vater und sprach: Mein Vater! Er antwortete: Hier bin ich. Wer bist du, mein Sohn? 
P, Genesis, 39, 3, Und sein Herr sah, daß der HERR mit ihm war; denn alles, was er tat, dazu gab der HERR Glück durch ihn, 
P, Genesis, 41, 53, Da nun die sieben reichen Jahre um waren in Ägypten, 
P, Genesis, 42, 10, Sie antworteten ihm: Nein, mein Herr; deine Knechte sind gekommen Speise zu kaufen. 
P, Genesis, 44, 19, Mein Herr fragte seine Knechte und sprach: Habt ihr auch einen Vater oder Bruder? 
P, Genesis, 44, 27, Da sprach dein Knecht, mein Vater, zu uns: Ihr wisset, daß mir mein Weib zwei Söhne geboren hat; 
P, Genesis, 47, 8, Pharao aber fragte Jakob: Wie alt bist du? 
P, Genesis, 48, 11, und sprach zu Joseph: Siehe, ich habe dein Angesicht gesehen, was ich nicht gedacht hätte; und siehe, Gott hat mich auch deinen Samen sehen lassen. 
P, Exodus, 1, 1,  Dies sind die Namen der Kinder Israel, die mit Jakob nach Ägypten kamen; ein jeglicher kam mit seinem Hause hinein: 
P, Exodus, 3, 19, Aber ich weiß, daß euch der König in Ägypten nicht wird ziehen lassen, außer durch eine starke Hand. 
P, Exodus, 4, 8, Wenn sie dir nun nicht werden glauben noch deine Stimme hören bei dem einen Zeichen, so werden sie doch glauben deine Stimme bei dem andern Zeichen. 
P, Exodus, 4, 16, Und er soll für dich zum Volk reden; er soll dein Mund sein, und du sollst sein Gott sein. 
P, Exodus, 4, 30, Und Aaron redete alle Worte, die der HERR mit Mose geredet hatte, und er tat die Zeichen vor dem Volk. 
P, Exodus, 5, 2, Pharao antwortete: Wer ist der HERR, des Stimme ich hören müsse und Israel ziehen lassen? Ich weiß nichts von dem HERRN, will auch Israel nicht lassen ziehen. 
P, Exodus, 9, 30, Ich weiß aber, daß du und deine Knechte euch noch nicht fürchtet vor Gott dem HERRN. 
P, Exodus, 12, 47, Die ganze Gemeinde Israel soll solches tun. 
P, Exodus, 20, 13, Du sollst nicht töten. 
P, Exodus, 20, 22, Und der HERR sprach zu ihm: Also sollst du den Kindern Israel sagen: Ihr habt gesehen, daß ich mit euch vom Himmel geredet habe. 
P, Exodus, 21, 12, Wer einen Menschen schlägt, daß er stirbt, der soll des Todes sterben. 
P, Exodus, 21, 15, Wer Vater und Mutter schlägt, der soll des Todes sterben. 
P, Exodus, 21, 17, Wer Vater und Mutter flucht, der soll des Todes sterben. 
P, Exodus, 29, 45, Und will unter den Kindern Israel wohnen und ihr Gott sein, 
P, Exodus, 32, 21, und sprach zu Aaron: Was hat dir das Volk getan, daß du eine so große Sünde über sie gebracht hast? 
P, Exodus, 33, 18, Er aber sprach: So laß mich deine Herrlichkeit sehen. 
P, Exodus, 35, 4, Und Mose sprach zu der ganzen Gemeinde der Kinder Israel: Das ist's, was der HERR geboten hat: 
P, Exodus, 35, 20, Da ging die ganze Gemeinde der Kinder Israel aus von Mose. 
P, Exodus, 40, 16, Und Mose tat alles, wie ihm der HERR geboten hatte. 
P, Leviticus, 8, 5, und sprach zu ihnen: Das ist's, was der HERR geboten hat zu tun. 
P, Leviticus, 9, 1,  Und am achten Tage rief Mose Aaron und seine Söhne und die Ältesten in Israel 
P, Leviticus, 22, 31, Darum haltet meine Gebote und tut darnach; denn ich bin der HERR. 
P, Leviticus, 24, 15, Und sage den Kindern Israel: Welcher seinem Gott flucht, der soll seine Sünde tragen. 
P, Leviticus, 25, 1,  Und der HERR redete mit Mose auf dem Berge Sinai und sprach: 
P, Leviticus, 26, 12, Und will unter euch wandeln und will euer Gott sein; so sollt ihr mein Volk sein. 
P, Leviticus, 27, 20, Will er ihn aber nicht lösen, sondern verkauft ihn einem andern, so soll er ihn nicht mehr lösen können; 
P, Numbers, 3, 14, Und der HERR redete mit Mose in der Wüste Sinai und sprach: 
P, Numbers, 8, 10, und die Leviten vor den HERRN bringen; und die Kinder Israel sollen ihre Hände auf die Leviten legen, 
P, Numbers, 13, 1,  Und der HERR redet mit Mose und sprach: 
P, Numbers, 14, 17, So laß nun die Kraft des HERRN groß werden, wie du gesagt hast und gesprochen: 
P, Numbers, 16, 4, Da das Mose hörte, fiel er auf sein Angesicht 
P, Numbers, 17, 11, Mose tat wie ihm der HERR geboten hatte. 
P, Numbers, 27, 9, Hat er keine Tochter, sollt ihr's seinen Brüdern geben. 
P, Numbers, 27, 10, Hat er keine Brüder, sollt ihr's seines Vaters Brüdern geben. 
P, Numbers, 29, 40, Und Mose sagte den Kindern Israel alles, was ihm der HERR geboten hatte.
P, Numbers, 32, 6, Mose sprach zu ihnen: Eure Brüder sollen in den Streit ziehen, und ihr wollt hier bleiben? 
P, Deuteronomy, 1, 30, Der HERR, euer Gott, zieht vor euch hin und wird für euch streiten, wie er mit euch getan hat in Ägypten vor euren Augen 
P, Deuteronomy, 5, 4, Er hat von Angesicht zu Angesicht mit euch aus dem Feuer auf dem Berge geredet. 
P, Deuteronomy, 5, 13, Sechs Tage sollst du arbeiten und alle deine Werke tun. 
P, Deuteronomy, 5, 17, Du sollst nicht töten. 
P, Deuteronomy, 11, 5, und was er euch getan hat in der Wüste, bis ihr an diesen Ort gekommen seid; 
P, Deuteronomy, 11, 7, Denn eure Augen haben die großen Werke des HERRN gesehen, die er getan hat. 
P, Deuteronomy, 12, 4, Ihr sollt dem HERRN, eurem Gott, nicht also tun; 
P, Deuteronomy, 17, 7, Die Hand der Zeugen soll die erste sein, ihn zu töten, und darnach die Hand alles Volks, daß du das Böse von dir tust. 
P, Deuteronomy, 24, 16, Die Väter sollen nicht für die Kinder noch die Kinder für die Väter sterben, sondern ein jeglicher soll für seine Sünde sterben. 
P, Judges, 8, 23, Aber Gideon sprach zu ihnen: Ich will nicht Herr sein über euch, und auch mein Sohn soll nicht Herr über euch sein, sondern der HERR soll Herr über euch sein. 
P, 1 Samuel, 3, 4, Und der HERR rief Samuel. Er aber antwortete: Siehe, hier bin ich! 
P, 1 Samuel, 8, 21, Und da Samuel alle Worte des Volks gehört hatte, sagte er sie vor den Ohren des HERRN. 
P, 1 Samuel, 10, 7, Wenn dir nun diese Zeichen kommen, so tue, was dir unter die Hand kommt; denn Gott ist mit dir. 
P, 1 Samuel, 15, 10, Da geschah des HERRN Wort zu Samuel und sprach: 
P, 1 Samuel, 15, 16, Samuel aber antwortete Saul: Laß dir sagen, was der HERR mit mir geredet hat diese Nacht. Er sprach: Sage an! 
P, 1 Samuel, 18, 2, Und Saul nahm ihn des Tages und ließ ihn nicht wieder zu seines Vaters Haus kommen. 
P, 1 Samuel, 20, 32, Jonathan antwortete seinem Vater Saul und sprach zu ihm: Warum soll er sterben? Was hat er getan? 
P, 1 Samuel, 28, 19, Dazu wird der HERR Israel mit dir auch geben in der Philister Hände. Morgen wirst du und deine Söhne mit mir sein. Auch wird der HERR das Lager Israels in der Philister Hände geben. 
P, 2 Samuel, 2, 11, Die Zeit aber, da David König war zu Hebron über das Haus Juda, war sieben Jahre und sechs Monate. 
P, 2 Samuel, 5, 10, Und David nahm immer mehr zu, und der HERR, der Gott Zebaoth, war mit ihm. 
P, 2 Samuel, 7, 3, Nathan sprach zu dem König: Gehe hin; alles, was du in deinem Herzen hast, das tue, denn der HERR ist mit dir. 
P, 2 Samuel, 7, 28, Nun, HERR HERR, du bist Gott, und deine Worte werden Wahrheit sein. Du hast solches Gute über deinen Knecht geredet. 
P, 2 Samuel, 15, 9, Der König sprach: Gehe hin mit Frieden. Und er machte sich auf und ging gen Hebron. 
P, 2 Samuel, 24, 19, Also ging David hinauf, wie Gad ihm gesagt und der HERR ihm geboten hatte. 
P, 1 Kings, 1, 22, Als sie aber noch redete mit dem König, kam der Prophet Nathan. 
P, 1 Kings, 1, 37, Wie der HERR mit meinem Herrn, dem König gewesen ist, so sei er auch mit Salomo, daß sein Stuhl größer werde denn der Stuhl meines Herrn, des Königs David. 
P, 1 Kings, 2, 14, und sprach: Ich habe mit dir zu reden. Sie sprach: Sage an! 
P, 1 Kings, 4, 1,  Also war Salomo König über ganz Israel. 
P, 1 Kings, 6, 11, Und es geschah des HERRN Wort zu Salomo und sprach: 
P, 1 Kings, 6, 13, und will wohnen unter den Kindern Israel und will mein Volk Israel nicht verlassen. 
P, 1 Kings, 8, 26, Nun, Gott Israels, laß deine Worte wahr werden, die du deinem Knecht, meinem Vater David, geredet hast. 
P, 1 Kings, 12, 19, Also fiel Israel ab vom Hause David bis auf diesen Tag. 
P, 1 Kings, 17, 2, Und das Wort des HERRN kam zu ihm und sprach: 
P, 1 Kings, 17, 8, Da kam das Wort des HERRN zu ihm und sprach: 
P, 1 Kings, 18, 39, Da das alles Volk sah, fiel es auf sein Angesicht und sprach: Der HERR ist Gott, der HERR ist Gott! 
P, 1 Kings, 20, 4, Der König Israels antwortete und sprach: Mein Herr König, wie du geredet hast! Ich bin dein und alles, was ich habe. 
P, 1 Kings, 22, 44, Und er hatte Frieden mit dem König Israels. 
P, 2 Kings, 21, 10, Da redete der HERR durch seine Knechte, die Propheten, und sprach: 
P, 1 Chronicles, 7, 27, des Sohn war Nun; des Sohn war Josua. 
P, 1 Chronicles, 11, 9, Und David nahm immer mehr zu, und der HERR Zebaoth war mit ihm. 
P, 1 Chronicles, 14, 17, Und Davids Namen ging aus in alle Lande, und der HERR ließ seine Furcht über alle Heiden kommen.
P, 1 Chronicles, 16, 14, Er ist der HERR, unser Gott; er richtet in aller Welt. 
P, 1 Chronicles, 17, 2, Nathan sprach zu David: Alles was in deinem Herzen ist, das tue; denn Gott ist mit dir. 
P, 1 Chronicles, 17, 3, Aber in derselben Nacht kam das Wort Gottes zu Nathan und sprach: 
P, 1 Chronicles, 17, 22, Und du hast dir dein Volk Israel zum Volk gemacht ewiglich; und du, HERR, bist ihr Gott geworden. 
P, 1 Chronicles, 17, 23, Nun, HERR, das Wort, das du geredet hast über deinen Knecht und über sein Haus, werde wahr ewiglich, und tue, wie du geredet hast. 
P, 1 Chronicles, 23, 25, Denn David sprach: Der HERR, der Gott Israels, hat seinem Volk Ruhe gegeben und wird zu Jerusalem wohnen ewiglich. 
P, 2 Chronicles, 1, 8, Und Salomo sprach zu Gott: Du hast große Barmherzigkeit an meinem Vater David getan und hast mich an seiner Statt zum König gemacht; 
P, 2 Chronicles, 6, 17, Nun, HERR, Gott Israels, laß deine Worte wahr werden, das du deinem Knechte David geredet hast. 
P, 2 Chronicles, 10, 5, Er sprach zu ihnen: Über drei Tage kommt wieder zu mir. Und das Volk ging hin. 
P, 2 Chronicles, 10, 19, Also fiel Israel ab vom Hause Davids bis auf diesen Tag.
P, 2 Chronicles, 23, 3, Und die ganze Gemeinde machte einen Bund im Hause Gottes mit dem König. Und er sprach zu ihnen: Siehe des Königs Sohn soll König sein, wie der HERR geredet hat über die Kinder Davids. 
P, Ezra, 9, 10, Nun, was sollen wir sagen, unser Gott, nach diesem, daß wir deine Gebote verlassen haben, 
P, Nehemiah, 2, 11, Und da ich gen Jerusalem kam und drei Tage da gewesen war, 
P, Job, 1, 6, Es begab sich aber auf einen Tag, da die Kinder Gottes kamen und vor den HERRN traten, kam der Satan auch unter ihnen. 
P, Job, 2, 1,  Es begab sich aber des Tages, da die Kinder Gottes kamen und traten vor den HERRN, daß der Satan auch unter ihnen kam und vor den HERRN trat. 
P, Job, 7, 10, und kommt nicht wieder in sein Haus, und sein Ort kennt ihn nicht mehr. 
P, Job, 17, 12, Sie wollen aus der Nacht Tag machen und aus dem Tage Nacht. 
P, Job, 23, 6, Will er mit großer Macht mit mir rechten? Er stelle sich nicht so gegen mich, 
P, Job, 34, 23, Denn er darf auf den Menschen nicht erst lange achten, daß er vor Gott ins Gericht komme. 
P, Job, 36, 22, Siehe Gott ist zu hoch in seiner Kraft; wo ist ein Lehrer, wie er ist? 
P, Job, 40, 19, Er ist der Anfang der Wege Gottes; der ihn gemacht hat, der gab ihm sein Schwert. 
P, Psalms, 1, 2, sondern hat Lust zum Gesetz des HERRN und redet von seinem Gesetz Tag und Nacht! 
P, Psalms, 9, 7, Der HERR aber bleibt ewiglich; er hat seinen Stuhl bereitet zum Gericht, 
P, Psalms, 15, 1,  (Ein Psalm Davids.) HERR, wer wird wohnen in deiner Hütte? Wer wird bleiben auf deinem heiligen Berge? 
P, Psalms, 22, 28, Denn des HERRN ist das Reich, und er herrscht unter den Heiden. 
P, Psalms, 25, 1,  (Ein Psalm Davids.) Nach dir, HERR, verlangt mich. 
P, Psalms, 27, 10, Denn mein Vater und meine Mutter verlassen mich; aber der HERR nimmt mich auf. 
P, Psalms, 35, 24, HERR, mein Gott, richte mich nach deiner Gerechtigkeit, daß sie sich über mich nicht freuen. 
P, Psalms, 37, 13, Aber der HERR lacht sein; denn er sieht, daß sein Tag kommt. 
P, Psalms, 45, 16, An deiner Väter Statt werden deine Söhne sein; die wirst du zu Fürsten setzen in aller Welt. 
P, Psalms, 50, 4, Er ruft Himmel und Erde, daß er sein Volk richte: 
P, Psalms, 50, 7, "Höre, mein Volk, laß mich reden; Israel, laß mich unter dir zeugen: Ich, Gott, bin dein Gott. 
P, Psalms, 54, 4, Siehe, Gott steht mir bei, der HERR erhält meine Seele. 
P, Psalms, 69, 27, Laß sie in eine Sünde über die andere fallen, daß sie nicht kommen zu deiner Gerechtigkeit. 
P, Psalms, 71, 19, Gott, deine Gerechtigkeit ist hoch, der du große Dinge tust. Gott, wer ist dir gleich? 
P, Psalms, 73, 25, Wenn ich nur dich habe, so frage ich nichts nach Himmel und Erde. 
P, Psalms, 81, 8, Höre, mein Volk, ich will unter dir zeugen; Israel, du sollst mich hören, 
P, Psalms, 84, 7, Sie erhalten einen Sieg nach dem andern, daß man sehen muß, der rechte Gott sei zu Zion. 
P, Psalms, 89, 25, Ich will seine Hand über das Meer stellen und seine Rechte über die Wasser. 
P, Psalms, 89, 30, Wo aber seine Kinder mein Gesetz verlassen und in meinen Rechten nicht wandeln, 
P, Psalms, 102, 15, daß die Heiden den Namen des HERRN fürchten und alle Könige auf Erden dein Ehre, 
P, Psalms, 103, 19, Der HERR hat seinen Stuhl im Himmel bereitet, und sein Reich herrscht über alles. 
P, Psalms, 105, 7, Er ist der HERR, unser Gott; er richtet in aller Welt. 
P, Psalms, 105, 17, Er sandte einen Mann vor ihnen hin; Joseph ward zum Knecht verkauft. 
P, Psalms, 106, 44, Und er sah ihre Not an, da er ihre Klage hörte, 
P, Psalms, 109, 8, Seiner Tage müssen wenige werden, und sein Amt müsse ein anderer empfangen. 
P, Psalms, 113, 5, Wer ist wie der HERR, unser Gott? der sich so hoch gesetzt hat 
P, Psalms, 115, 2, Warum sollen die Heiden sagen: Wo ist nun ihr Gott? 
P, Psalms, 115, 3, Aber unser Gott ist im Himmel; er kann schaffen, was er will. 
P, Psalms, 118, 13, Man stößt mich, daß ich fallen soll; aber der HERR hilft mir. 
P, Psalms, 119, 23, Es sitzen auch die Fürsten und reden wider mich; aber dein Knecht redet von deinen Rechten. 
P, Psalms, 119, 142, Deine Gerechtigkeit ist eine ewige Gerechtigkeit, und dein Gesetz ist Wahrheit. 
P, Psalms, 119, 143, Angst und Not haben mich getroffen; ich habe aber Lust an deinen Geboten. 
P, Psalms, 121, 2, Meine Hilfe kommt von dem HERRN, der Himmel und Erde gemacht hat. 
P, Psalms, 124, 2, wo der HERR nicht bei uns wäre, wenn die Menschen sich wider uns setzen: 
P, Psalms, 125, 2, Um Jerusalem her sind Berge, und der HERR ist um sein Volk her von nun an bis in Ewigkeit. 
P, Psalms, 139, 10, so würde mich doch deine Hand daselbst führen und deine Rechte mich halten. 
P, Psalms, 144, 15, Wohl dem Volk, dem es also geht! Wohl dem Volk, des Gott der HERR ist!
P, Psalms, 147, 4, Er zählt die Sterne und nennt sie alle mit Namen. 
P, Proverbs, 8, 23, Ich bin eingesetzt von Ewigkeit, von Anfang, vor der Erde. 
P, Proverbs, 9, 11, Denn durch mich werden deiner Tage viel werden und werden dir der Jahre des Lebens mehr werden. 
P, Proverbs, 18, 22, Wer eine Ehefrau findet, der findet etwas Gutes und kann guter Dinge sein im HERRN. 
P, Proverbs, 21, 3, Wohl und recht tun ist dem HERRN lieber denn Opfer. 
P, Proverbs, 24, 10, Der ist nicht stark, der in der Not nicht fest ist. 
P, Proverbs, 29, 26, Viele suchen das Angesicht eines Fürsten; aber eines jeglichen Gericht kommt vom HERRN. 
P, Ecclesiastes, 8, 7, Denn er weiß nicht, was geschehen wird; und wer soll ihm sagen, wie es werden soll? 
P, Isaiah, 8, 5, Und der HERR redete weiter mit mir und sprach: 
P, Isaiah, 9, 8, Der HERR hat sein Wort gesandt in Jakob, und es ist in Israel gefallen, 
P, Isaiah, 9, 13, So kehrt sich das Volk auch nicht zu dem, der es schlägt, und fragen nicht nach dem HERRN Zebaoth. 
P, Isaiah, 27, 5, Er wird mich erhalten bei meiner Kraft und wird mir Frieden schaffen; Frieden wird er mir dennoch schaffen. 
P, Isaiah, 29, 23, Denn wenn sie sehen werden ihre Kinder, die Werke meiner Hände unter ihnen, werden sie meinen Namen heiligen und werden den Heiligen in Jakob heiligen und den Gott Israels fürchten. 
P, Isaiah, 33, 22, Denn der HERR ist unser Richter, der HERR ist unser Meister, der HERR ist unser König; der hilft uns! 
P, Isaiah, 38, 7, Und habe dir das zum Zeichen von dem HERRN, daß der HERR solches tun wird, was er geredet hat: 
P, Isaiah, 49, 14, Zion aber spricht: Der HERR hat mich verlassen, der HERR hat mein vergessen. 
P, Isaiah, 66, 21, Und ich will auch aus ihnen nehmen Priester und Leviten, spricht der HERR. 
P, Jeremiah, 1, 4, Und des HERRN Wort geschah zu mir und sprach: 
P, Jeremiah, 2, 1,  Und des HERRN Wort geschah zu mir und sprach: 
P, Jeremiah, 4, 12, Ja, ein Wind kommt, der ihnen zu stark sein wird; da will ich denn auch mit ihnen rechten. 
P, Jeremiah, 7, 1,  Dies ist das Wort, welches geschah zu Jeremia vom HERRN, und sprach: 
P, Jeremiah, 11, 1,  Dies ist das Wort, das zu Jeremia geschah vom HERRN, und sprach: 
P, Jeremiah, 13, 8, Da geschah des HERRN Wort zu mir und sprach: 
P, Jeremiah, 16, 1,  Und des HERRN Wort geschah zu mir und sprach: 
P, Jeremiah, 17, 15, Siehe, sie sprechen zu mir: Wo ist denn des HERRN Wort? Laß es doch kommen! 
P, Jeremiah, 18, 1,  Dies ist das Wort, das geschah vom HERRN zu Jeremia, und sprach: 
P, Jeremiah, 18, 5, Da geschah des HERRN Wort zu mir und sprach: 
P, Jeremiah, 22, 29, O Land, Land, Land, höre des HERRN Wort! 
P, Jeremiah, 24, 4, Da geschah des HERRN Wort zu mir und sprach: 
P, Jeremiah, 25, 8, Darum so spricht der HERR Zebaoth: Weil ihr denn meine Worte nicht hören wollt, 
P, Jeremiah, 28, 7, Aber doch höre auch dies Wort, das ich vor deinen Ohren rede und vor den Ohren des ganzen Volks: 
P, Jeremiah, 29, 30, Darum geschah des HERRN Wort zu Jeremia und sprach: 
P, Jeremiah, 30, 1,  Dies ist das Wort, das vom HERRN geschah zu Jeremia: 
P, Jeremiah, 30, 4, Dies sind aber die Worte, welche der HERR redet von Israel und Juda: 
P, Jeremiah, 30, 22, Und ihr sollt mein Volk sein, und ich will euer Gott sein. 
P, Jeremiah, 31, 31, Siehe, es kommt die Zeit, spricht der HERR, da will ich mit dem Hause Israel und mit dem Hause Juda einen neuen Bund machen; 
P, Jeremiah, 32, 6, Und Jeremia sprach: Es ist des HERRN Wort geschehen zu mir und spricht: 
P, Jeremiah, 32, 26, Und des HERRN Wort geschah zu Jeremia und sprach: 
P, Jeremiah, 32, 38, Und sie sollen mein Volk sein, so will ich ihr Gott sein; 
P, Jeremiah, 37, 6, Und des HERRN Wort geschah zum Propheten Jeremia und sprach: 
P, Jeremiah, 42, 7, Und nach zehn Tagen geschah des HERRN Wort zu Jeremia. 
P, Jeremiah, 46, 1,  Dies ist das Wort des HERRN, das zu dem Propheten Jeremia geschehen ist wider alle Heiden. 
P, Lamentations, 3, 24, Der HERR ist mein Teil, spricht meine Seele; darum will ich auf ihn hoffen. 
P, Lamentations, 5, 9, Wir müssen unser Brot mit Gefahr unsers Lebens holen vor dem Schwert in der Wüste. 
P, Ezekiel, 3, 2, Da tat ich meinen Mund auf, und er gab mir den Brief zu essen 
P, Ezekiel, 3, 16, Und da die sieben Tage um waren, geschah des HERRN Wort zu mir und sprach: 
P, Ezekiel, 6, 1,  Und des HERRN Wort geschah zu mir und sprach: 
P, Ezekiel, 7, 1,  Und des HERRN Wort geschah zu mir und sprach: 
P, Ezekiel, 11, 8, Das Schwert, das ihr fürchtet, das will ich über euch kommen lassen, spricht der HERR HERR. 
P, Ezekiel, 11, 14, Da geschah des HERRN Wort zu mir und sprach: 
P, Ezekiel, 12, 1,  Und des HERRN Wort geschah zu mir und sprach: 
P, Ezekiel, 12, 17, Und des HERRN Wort geschah zu mir und sprach: 
P, Ezekiel, 12, 21, Und des HERRN Wort geschah zu mir und sprach: 
P, Ezekiel, 12, 26, Und des HERRN Wort geschah zu mir und sprach: 
P, Ezekiel, 13, 1,  Und des HERRN Wort geschah zu mir und sprach: 
P, Ezekiel, 14, 2, Da geschah des HERRN Wort zu mir und sprach: 
P, Ezekiel, 14, 12, Und des HERRN Wort geschah zu mir und sprach: 
P, Ezekiel, 15, 1,  Und des HERRN Wort geschah zu mir und sprach: 
P, Ezekiel, 16, 1,  Und des HERRN Wort geschah zu mir und sprach: 
P, Ezekiel, 17, 1,  Und des HERRN Wort geschah zu mir und sprach: 
P, Ezekiel, 17, 11, Und des HERR Wort geschah zu mir und sprach: 
P, Ezekiel, 18, 1,  Und des HERRN Wort geschah zu mir und sprach: 
P, Ezekiel, 20, 2, Da geschah des HERRN Wort zu mir und sprach: 
P, Ezekiel, 20, 11, gab ich ihnen meine Gebote und lehrte sie meine Rechte, durch welche lebt der Mensch, der sie hält. 
P, Ezekiel, 20, 19, Denn ich bin der HERR, euer Gott; nach meinen Geboten sollt ihr leben, und meine Rechte sollt ihr halten und darnach tun; 
P, Ezekiel, 20, 45, Und des HERRN Wort geschah zu mir und sprach: 
P, Ezekiel, 21, 1,  Und des HERRN Wort geschah zu mir und sprach: 
P, Ezekiel, 21, 8, Und des HERRN Wort geschah zu mir und sprach: 
P, Ezekiel, 21, 18, Und des HERRN Wort geschah zu mir und sprach: 
P, Ezekiel, 22, 1,  Und des HERRN Wort geschah zu mir und sprach: 
P, Ezekiel, 22, 17, Und des HERRN Wort geschah zu mir und sprach: 
P, Ezekiel, 22, 23, Und des HERRN Wort geschah zu mir und sprach: 
P, Ezekiel, 23, 1,  Und des HERRN Wort geschah zu mir und sprach: 
P, Ezekiel, 24, 15, Und des HERRN Wort geschah zu mir und sprach: 
P, Ezekiel, 24, 20, Und ich sprach zu ihnen: Der HERR hat mir geredet und gesagt: 
P, Ezekiel, 25, 1,  Und des HERRN Wort geschah zu mir und sprach: 
P, Ezekiel, 25, 11, Und will das Recht gehen lassen über Moab; und sie sollen erfahren, daß ich der HERR bin. 
P, Ezekiel, 27, 1,  Und des HERRN Wort geschah zu mir und sprach: 
P, Ezekiel, 28, 1,  Und des HERRN Wort geschah zu mir und sprach: 
P, Ezekiel, 28, 6, darum spricht der HERR HERR also: Weil sich denn dein Herz erhebt, als wäre es eines Gottes Herz, 
P, Ezekiel, 30, 19, Und ich will das Recht über Ägypten gehen lassen, daß sie erfahren, daß ich der HERR sei. 
P, Ezekiel, 32, 11, Denn so spricht der HERR HERR: Das Schwert des Königs zu Babel soll dich treffen. 
P, Ezekiel, 33, 16, und aller seiner Sünden, die er getan hat, soll nicht gedacht werden; denn er tut nun, was recht und gut ist; darum soll er leben. 
P, Ezekiel, 33, 33, Wenn es aber kommt, was kommen soll, siehe, so werden sie erfahren, daß ein Prophet unter ihnen gewesen ist.
P, Ezekiel, 34, 1,  Und des HERRN Wort geschah zu mir und sprach: 
P, Ezekiel, 34, 30, Und sie sollen erfahren, daß ich, der HERR, ihr Gott, bei ihnen bin und daß sie vom Haus Israel mein Volk seien, spricht der HERR HERR. 
P, Ezekiel, 35, 1,  Und des HERRN Wort geschah zu mir und sprach: 
P, Ezekiel, 35, 14, So spricht nun der HERR HERR: Ich will dich zur Wüste machen, daß sich alles Land freuen soll. 
P, Ezekiel, 36, 16, Und des HERRN Wort geschah weiter zu mir: 
P, Ezekiel, 37, 14, Und ich will meinen Geist in euch geben, daß ihr wieder leben sollt, und will euch in euer Land setzen, und sollt erfahren, daß ich der HERR bin. Ich rede es und tue es auch, spricht der HERR. 
P, Ezekiel, 37, 27, Und ich will unter ihnen wohnen und will ihr Gott sein, und sie sollen mein Volk sein, 
P, Ezekiel, 39, 8, Siehe, es ist gekommen und ist geschehen, spricht der HERR HERR; das ist der Tag, davon ich geredet habe. 
P, Daniel, 5, 24, Darum ist von ihm gesandt diese Hand und diese Schrift, die da verzeichnet steht. 
P, Haggai, 1, 3, Und des HERRN Wort geschah durch den Propheten Haggai: 
P, Haggai, 1, 13, Da sprach Haggai, der Engel des HERRN, der die Botschaft des HERRN hatte an das Volk: Ich bin mit euch, spricht der HERR. 
P, Haggai, 2, 11, So spricht der HERR Zebaoth: Frage die Priester um das Gesetz und sprich: 
P, Zechariah, 1, 5, Wo sind nun eure Väter? Und die Propheten, leben sie auch noch? 
P, Zechariah, 1, 9, Und ich sprach: Mein HERR, wer sind diese? Und der Engel, der mit mir redete, sprach zu mir: Ich will dir zeigen, wer diese sind. 
P, Zechariah, 2, 11, Und sollen zu der Zeit viel Heiden zum HERRN getan werden und sollen mein Volk sein; und ich will bei dir wohnen, und sollst erfahren, daß mich der HERR Zebaoth zu dir gesandt hat. 
P, Zechariah, 4, 4, Und ich antwortete und sprach zu dem Engel, der mit mir redete: Mein Herr, was ist das? 
P, Zechariah, 4, 8, Und es geschah zu mir das Wort des HERRN und sprach: 
P, Zechariah, 6, 4, Und ich antwortete und sprach zu dem Engel, der mit mir redete: Mein Herr, wer sind diese? 
P, Zechariah, 7, 4, Und des HERRN Zebaoth Wort geschah zu mir und sprach: 
P, Zechariah, 8, 18, Und es geschah des HERRN Zebaoth Wort zu mir und sprach: 
P, Malachi, 2, 1,  Und nun, ihr Priester, dies Gebot gilt euch. 
P, Malachi, 2, 4, So werdet ihr dann erfahren, daß ich solches Gebot zu euch gesandt habe, daß es mein Bund sein sollte mit Levi, spricht der HERR Zebaoth. 
