Corona,89
in,77
Sturm,14
auf,28
Kapitol,14
US,13
im,31
Nach,16
Pandemie,16
Alpen,2
Angriff,6
Bekämpfung,2
CDU,11
Das,25
den,17
der,63
des,8
Deutschland,16
Experte,3
Folgen,3
Kongress,2
Krise,10
Parteivorsitz,2
Quiz,3
Revolution,2
Technik,3
Aktien,1
Angewandte,1
Angriffs,1
Antisemitischer,1
Überhitzter,1
Aufnahmen,1
aufs,2
Autofreie,1
Bari,1
Baureste,1
Berufscheck,1
Bußgeld,1
Coman,1
das,24
Dating,1
dem,15
Der,13
Deutscher,1
die,35
Englisch,2
entzogen,1
EU,1
Europaminister,1
Exklusiv,1
Führungsfrage,1
FACTS,1
FC,21
Fernsehen,1
Flucht,1
Französische,1
Frederick,1
Fremdgehen,1
Friedliche,1
Friedrich,3
gebaut,1
gefordert,1
Genial,1
Genuss,1
Gespenstische,1
Graue,1
Großbritannien,5
Handball,4
Handy,2
Hohe,1
Horrorsturz,1
Immobilienmarkt,1
Industrie,3
Infektionszahlen,1
Influencer,1
Internet,1
Ischinger,1
Italienischer,1
Jahr,7
Jetzt,7
Job,1
Juden,1
Käsespätzle,1
Kampf,6
Kinderkrankengeld,1
Kingsley,1
Kliniken,3
Lüge,1
leise,1
Leitindex,1
Lex,1
Massenfestnahme,1
Menetekel,1
Merz,1
mit,24
Muhlenberg,1
Multiple,1
Neue,1
Neumann,1
Nord,1
Norddeutscher,1
Oberland,1
Online,2
Pfizer,1
Präsident,3
Prominenten,1
Qwant,1
Qwiz,1
Röstzwiebeln,1
Regeln,6
Rekorde,1
Rennen,2
Satans,1
Schalke,6
Schicksale,2
Schuldenunion,1
Schutztitel,1
Sekunden,2
Selfcare,1
Senatorin,1
Skandal,1
Sklerose,1
Spanien,1
Städte,1
Statistik,1
Sterben,1
Stream,1
Studie,1
Suizide,1
Tarife,1
Terrorismus,1
Teure,1
Tierpfleger,1
TRUTH,1
um,3
und,45
Union,4
Vertriebenen,1
verzeihen,1
Via,1
Wölfe,1
Wahl,3
Wahljahr,1
Washington,5
Weiss,1
WELT,1
Wilson,1
Winterschmaus,1
Wirecard,1
Wissen,1
WM,5
Wolfgang,1
Woodrow,1
Zweites,1
Bayern,10
Die,18
Donald,7
gegen,20
ist,22
Metal,2
Trump,14
Und,5
USA,5
vor,14
WhatsApp,0
Covid,4
Gladbach,3
Impfungen,6
verliert,3
rüstet,1
neue,19
Weimar,1
Joe,1
Biden,1
Google,0
Twitter,10
SpaceX,0
Tesla,0
Elon,0
Musk,0
Instagram,1
Geheimbünde,1
Clans,1
von,11
Bürgermeister,1
Winterberg,1
Wahrnehmung,1
Vätern,1
Millennials,2
Dax,4
Synagoge,0
Astronaut,1
SV,11
Railway,1
Kim,1
Jong,1
Cloud,1
Gaming,1
Matthias,1
Maurer,1
als,7
Chefs,1
Dienste,1
Traumzüge,1
Rovos,1
un,1
Lockdown,11
iPad,1
DSDS,1
Bilder,3
Nathan,1
Boris,1
Bedford,1
Forrest,1
für,25
Tipps,3
Vor,3
Bundesparteitag,1
Nachtruhe,1
Palmer,1
Gastbeitrag,3
Project,1
Impossible,1
Michael,1
NRW,2
Zukunft,2
Wendler,1
Neujahrsempfang,3
Florian,1
Wirtz,2
COVID,1
Thomas,1
Chatterton,1
Williams,1
Schutz,1
versucht,1
MV,4
Jon,2
Schaffer,2
Musiker,2
sechs,1
Start,1
Kurz,1
nach,10
Nancy,1
Pelosi,1
Wechsel,2
München,6
Rattle,1
returns,1
Play,3
offs,1
NFL,4
bei,11
an,11
Impfskepsis,1
Pflegern,1
Kritik,3
Hygienekonzepten,1
AfD,1
Gäste,1
Wörterbuch,2
aber,3
Günstig,1
köstlich,1
Kaiserslautern,2
Köln,4
TSV,3
II,6
Viktoria,2
Aachen,1
FSV,3
Wiesbaden,1
Frankfurt,4
Astoria,1
Walldorf,1
Mainz,6
Elversberg,1
Amerika,2
am,13
Thüringen,0
Hoffenheim,3
Scheideweg,1
TSG,3
Schott,1
Schwesigs,1
Stiftung,1
Svensson,2
VfB,3
Stuttgart,3
Balingen,1
Eintracht,2
zur,4
Freiburg,3
Berlin,6
VfL,4
Wolfsburg,3
Spahn,5
Kanzlerfrage,1
SC,3
Immobilienkauf,1
Paartherapie,1
Bundestagswahl,3
Maßnahmen,2
Titel,3
futsch,1
gesperrt,3
Messenger,2
Empfehlung,1
Ausschreitungen,1
Bundesliga,2
Spitzenspiel,2
machen,1
Sie,19
jetzt,3
will,3
bleibt,3
einer,3
wieder,4
es,24
hat,6
eine,6
sind,7
Doch,19
einen,7
werden,7
über,8
ein,6
er,7
Tasmania,0
Radar,0
müssen,3
Sieg,4
hier,2
wird,10
können,3
diese,0
auch,10
noch,13
sich,5
haben,4
zu,6
zum,1
Demokratie,3
man,3
nicht,19
sie,4
aus,6
sein,2
wie,3
Leipzig,2
RB,1
In,5
Wie,4
Es,9
Wunsch,1
Neutralität,1
Kredite,1
KfW,1
Sicherheit,4
Vermögensteuer,1
Pläne,2
Schließungen,1
Legende,2
Boeing,0
Borussia,2
Dortmund,2
Ermittlungen,1
Slavoj,1
Žižek,1
Clemens,1
Tönnies,1
Kuwait,1
Verarbeitete,1
Lebensmittel,1
Plausible,1
Gerüchte,2
Toxic,1
Positivity,1
Institutionen,1
Training,1
Stefan,1
Aust,1
Digitale,1
Workshops,1
Bidens,4
Dilemma,3
Woche,4
steckt,4
Jens,2
Debakel,1
Ülkücü,1
Bewegung,2
Menschen,5
immer,4
beim,7
Liveticker,3
Mit,1
Ein,11
Alle,2
wir,4
was,6
Huami,1
Zepp,1
Markus,2
Söder,9
Polizisten,2
Biontech,2
Moderna,4
Parteitag,1
Jusos,1
Tigray,1
Konflikt,2
Matthew,1
Hoppe,3
Zickige,1
Vierbeiner,1
oder,2
Josephine,1
Baker,1
Kanzlerambitionen,1
Gefährliche,1
Amtseinführung,2
teilnehmen,3
heilige,1
Erbe,1
Jahre,1
Szenario,2
Präsidentschaft,1
verbinden,1
besten,2
Tages,4
Sandhausen,2
Heidenheim,2
Einreisebeschränkungen,1
Hochrisikogebiete,2
Konto,1
dauerhaft,3
Laschet,7
reden,3
beendet,1
Negativtrend,1
ruft,2
Verteidigung,1
Nürnberg,1
Hamburger,1
Straelen,1
Alemannia,1
Meppen,4
Saarbrücken,4
Wehen,1
Hallescher,1
SSV,2
Ulm,1
Homburg,1
Bahlinger,1
Live,0
Sex,2
Bewerber,1
Zusammenhalt,1
schlägt,2
Aufstiegskandidat,1
Anschluss,1
0:1,2
verdirbt,2
Trainerdebüt,2
punktet,2
2:2,1
überragt,2
4:0,1
Facebook,4
sperren,1
RKI,12
Rund,3
warnt,3
RAF,1
Fälle,8
Niedersachsen,4
Asylanträge,1
trotz,1
Mehr,7
Slapstick,1
Neuinfektionen,12
Todesfälle,14
2:0,2
Remis,1
Überzahl,1
stoppt,1
Negativserie,1
Schleswig,4
Holstein,4
Knapp,1
Hamburg,4
Sachsen,6
Anhalt,4
meldet,5
weitere,14
Ministerium,1
Geimpfte,3
gemeldet,3
Fast,2
Tote,11
Vier,2
Protest,1
Darmstadt,1
Hannover,1
schadet,1
Trauriger,3
Rekord,6
registriert,5
Infektionen,8
News,1
Februar,2
verkündet,1
Januar,7
Entwicklungen,1
Spekulationen,1
einzige,1
Grund,2
Was,7
beliebter,1
Aber,5
gibt,13
Alternativen,2
Video,10
6:26,1
min,2
Hoffnung,1
Tenbagger,1
Seitenhieb,1
Merkel,3
14:22,1
Min,7
Rechtsextremisten,1
aktiver,1
einiges,2
vonnöten,1
geht,12
ihm,1
Klassiker,1
kann,3
dahinter,3
Kissenform,1
einfach,1
egal,1
heißen,1
An,2
Geschütze,1
beweist,1
Höhenflug,1
weiter,6
Börsenprofis,1
erklären,2
Siesta,1
Wo,1
klappt,1
Warum,2
Tiere,1
untergehen,1
Im,6
Gegenteil,1
bereits,1
gestorben,4
Plan,1
sperrt,2
ihn,3
Immer,3
dazwischen,1
kalt,1
dunkel,1
braucht,1
zerstören,1
Gwen,1
Stefani,1
sinkt,2
Wohneigentumsquote,1
Brüderpaar,1
los,1
Alles,4
wissen,2
Selbstkontrolle,1
Schlüssel,1
Bützower,1
Pflegeheim,1
Inzidenz,2
steigt,3
Cichutek,1
Prof,1
El,0
vorne,0
Tegernsee,0
Montag,2
vom,2
viele,0
seine,1
war,2
unter,1
nur,4
verletzt,1
BVB,0
Schwarzenegger,1
Angeli,2
positiv,2
Kubicki,0
Gastronom,0
Bochum,1
Deutschlands,0
Mann,2
Jake,2
dass,0
zwei,1
einem,4
mehr,7
Präsidenten,2
wurde,3
zeigt,1
derjenigen,1
stürmten,1
begeisterndem,1
Spiel,4
Daraus,2
wirkungsmächtige,1
Hotspot,1
deutlich,3
Wissenschaftler,2
kritisieren,1
Schmid,2
Riesenslalom,2
Pinturault,2
wohl,1
gehen,3
Playoff,1
Zeit,4
verschickt,2
Impfeinladungen,2
Bis,1
Prozent,2
holt,2
EM,3
nächsten,2
Bob,2
laufen,1
Aufräumarbeiten,1
gewinnt,2
Bundesligaspiel,1
ja,2
doch,4
Klatsche,1
off,2
canceln,1
Kurios,1
Erster,3
seit,2
Büffelhörnern,2
Gesichtsbemalung,1
Gute,1
derweil,1
vorüber,1
Kalenderblatt,3
Ausweg,2
ungemütlich,2
Befreiungsschlag,1
absurd,2
Verschärfte,1
Schwer,1
Homeschooling,3
Profi,1
Edimilson,1
Fernandes,1
Antisemitismus,1
Mob,1
Augsburg,1
Zippert,1
zappt,1
Wird,1
Schule,2
Unruhen,1
Impfstoffe,1
Ausnahmezustand,1
Antrittsgeschenk,1
Wichtiger,1
Heimsieg,1
Spielerprotest,1
Hertha,4
Impfstoff,3
Abstiegskampf,3
CSU,0
So,7
Chef,2
so,1
Scholz,2
BSC,2
ab,6
bezweifelt,0
Euro,1
sollte,0
drei,1
anderen,0
wegen,3
Um,2
könnte,1
FDP,0
Viele,0
gefunden,0
Karliczek,1
Regensburg,2
Angst,3
ohne,4
alles,1
ihre,0
hatte,1
Jahn,2
Notstand,1
Osten,1
Wirkung,1
Manuela,1
Schwesig,1
Verschärfung,3
Daten,1
Flexible,1
Reisepreise,1
Unbekannte,1
Kosten,1
Verträge,1
prüfen,1
Doku,1
Trailer,1
Isolation,3
Sriwijaya,1
Air,1
Vizekanzler,1
Kiffen,1
Auto,1
Design,1
Schwerhörige,1
Bad,1
Regina,1
Schneider,1
Electric,1
Standort,1
Brexit,2
Flüssiges,1
Gold,2
Amelia,2
Earhart,2
Erfolgreiche,1
Gründer,2
Transkript,1
Gründe,2
konnte,1
Impfung,2
Eine,0
neuen,3
warum,1
erklärt,4
bis,4
Bodo,1
Ramelow,1
Pkw,1
Markt,1
Recht,2
Unfallersatzwagen,1
Ski,1
Eskalation,1
Klassische,1
Musik,2
Bei,2
Vorwurf,2
Versagens,1
Reiner,1
Haseloff,1
Vorsitz,2
Hilfe,2
Günstige,1
Elektromobilität,1
Virologin,1
Protzer,1
Ostsee,1
Gaspipeline,1
Vertrag,1
aufgelöst,1
Nordrhein,1
Westfalen,1
Coronavirus,5
Digital,1
Konferenz,2
Regierungssprecher,2
Seibert,2
Mobiles,1
Arbeiten,1
Laut,2
Einkommen,1
kommt,3
Dienstag,2
Diskussion,3
Versuchte,1
Kindstötung,1
Nun,3
nun,2
legte,1
Dauerhafter,1
Tage,1
Land,4
Zusammenhang,5
Strom,3
Tausende,1
Technische,1
Probleme,2
Bildungsministerin,1
Zahlen,10
aktuellen,3
tödlichste,1
soll,0
Deutsche,2
Hybris,1
Watchlist,1
Promi,1
Investorin,1
Unternehmen,6
Teurer,1
Hackerangriff,1
Samsung,2
Gear,1
Heute,1
Konsolen,1
Schlechte,1
Netzabdeckung,1
Handel,1
Lego,1
Smarte,1
Thermostate,1
Kaufberatung,3
Smartphone,2
Unter,1
Games,1
Konsole,1
Laptop,1
Große,1
Handys,1
Fernseher,1
einstellen,1
Ausnahmen,3
Quarantäne,2
Drucker,1
Impeachment,2
Verfahren,1
Kosmische,1
Fontäne,1
Christian,1
Lindner,1
Bundesregierung,1
Zäher,1
Aufsteiger,2
Risiko,1
Pleitewelle,1
Bielefeld,4
zieht,1
Arminia,1
Niederlage,1
Überblick,8
Grafiken,6
Beliebte Wearables von,1
Verstöße,3
Karten,1
schon,1
nötig,4
Anklagepunkt,1
Parteien,1
wollen,1
Hinrichtungen,1
Parteispitze,1
Kandidat,2
Demokraten,0
Robert,1
Habeck,1
Druck,3
Ende,3
Freude,1
Trumps,2
letzte,1
dafür,1
vielfältig,1
gut,2
Kann,1
steht,2
Amtsenthebungsverfahren,1
Jahren,5
abgeschaltet,1
einsam,2
Köpenick,1
Stumm,1
geschaltet,1
Anleitung,1
Werde,1
Establishments,1
Millionengeschäft,1
Tennis,1
Prost,1
Mahlzeit,1
Beruf,1
durch,1
Homeoffice,8
Für,1
viel,3
wächst,2
überschätzte,1
Da,2
Politologe,1
Weihnachtsrätsel,1
Studentenjob,1
Bestatterin,1
Bilde,1
Kaufentscheidungen,1
Flott,1
Oder,1
Schnell,1
eingedreht,1
Verzerrte,1
Sozialwohnungen,1
Wahlrecht,1
Staat,2
Noch,1
Tannenzäpfle,1
Suzanne,1
Achterbahnfahrt,1
weiß,1
erhoben,1
Kandidaten,2
Startup,1
Gründung,1
Mini,1
Rechner,1
Arbeit,1
Existenzberechtigung,1
Superwahljahr,1
Kate,1
Davies,1
Paarberater,1
Richtig,1
lieben,1
Krawallen,1
vermutet,1
Virus,1
Etwa,1
nichts,3
komplizierte,2
Machtwechsel,1
Leine,1
Sprache,1
Achtung,1
Mutanten,1
brauchen,1
tun,3
Selbstmissverständnis,1
Hoffnungsschimmer,1
bedeuten,1
überhaupt,1
scheidenden,2
Müssen,1
Stille,1
Klimablockade,1
Börsen,1
Boom,1
Bill,2
Belichick,2
Saison,1
lehnt,2
muss,1
Aktie,2
sehen,4
Kurs,3
live,3
Großes,1
Tablet,2
Verfolgen,3
Kopfhörer,1
Veranstaltung,1
Karriere,1
Obwohl,1
Wer,4
wer,0
Ereignisse,1
Macht,1
Öffentlich,1
Rechtliche,1
überrascht,2
Dikatur,1
Er,0
Vorübergehen,1
kompletten,1
Intensivmediziner,1
Janssens,1
Comfort,1
Binge,1
Skilehrer,1
Lieferdienstwerbung,1
bekämpfen,1
ihr,0
zurück,4
Millionen,2
China,3
Ausgangssperre,2
stärker,1
keine,2
Politik,2
Millionär,1
Konsequenz,1
ging,3
Söders,2
Rhetorik,1
ins,1
Gewaltfreier,1
Partisanenkampf,1
Sanktionen,1
Interview,0
Als,0
Welt,0
Wir,2
SPD,1
Trainer,4
Seit,4
Cleveland,1
knapp,3
erfolgreichste,1
Am,1
Scherbenhaufen,2
Biodiversität,1
schützt,1
Wahnsinn,1
falscher,2
Kris,1
RTL,1
simplen,1
eines,3
Ministerpräsident,3
selbst,0
Leben,1
oft,0
wenn,0
Kilometer,3
andere,1
Polizei,3
sollen,3
ihren,0
laut,2
Regel,3
tritt,1
ums,2
mindestens,2
binnen,3
funktioniert,3
gelten,4
sowie,1
Auch,3
Coach,1
ziehen,1
Patienten,3
Cedes,1
Jugend,1
Ranking,1
Einrasierte,1
Scheitel,1
sieht,1
lassen,0
gilt,2
ersten,1
weniger,0
seinem,0
,0
Look,1
Symptome,1
Ab,1
Trotzdem,2
Investitionsabkommen,1
Volkskrankheit,1
Diabetes,1
Europas,1
Fehlkalkulation,1
Überleben,1
alle,1
zufrieden,1
Absolut,1
angemessen,1
Ägypten,2
Zuschauer,1
Limit,1
Ostern,2
Vermögensteuerdebatte,1
Dirk,1
Kreuter,1
Frühjahr,1
Beschuldigte,1
7:17,1
Reizdarm,2
Erste,2
hart,1
Los,1
gelöst,1
Ärmel,2
hoch,3
denn,1
meint,1
Diese,1
Bundesländern,1
Zahl,3
Wegen,1
Abschiebebescheid,1
Kultur,2
Intensivpatienten,1
Wochenvergleich,1
Scheiterns,1
spricht,1
fordert,0
sei,3
finden,1
seinen,1
sagt,4
Beamtenbund,1
Berechnungen,1
Optimal,1
Dank,1
Seminare,1
Psychiaterin,2
Geduld,3
Verteidiger,2
DarkMarket,1
geschlossen,3
Mitgliederversammlung,1
Ihre,1
sollten,1
Friseursalons,2
Tschechien,1
Wochen,1
Vorstoß,4
Weibliche,1
Genitalverstümmelung,1
behaupten,1
schräger,1
Bayerns,3
Freihandelszone,1
mahnt,1
erste,0
Dabei,0
erstmals,2
damit,0
ganz,0
Deutschen,1
Impfpflicht,2
dabei,0
Öffentlichkeit,1
geerntet,1
bringt,1
verdienen,1
Dürfen,1
Kapitänen,1
Herkulesaufgabe,1
Neuer,2
Versuch,2
Seltene,1
Sorte,1
Türkgücü,1
verteidigt,3
Impfterminvergabe,1
digital,1
Problem,1
Voran,1
verschärften,1
Rede,1
Himmelschreiende,1
Gesetzlosigkeit,1
DFB,3
Pokal,2
Teams,1
Magdeburg,1
Bayer,1
Post,2
unternimmt,1
John,1
Dillermand,1
Ärger,1
Social,0
Media,0
Big,0
Tech,0
Signal,0
Translate,0
Fish,1
Chips,1
Kanye,0
West,0
Googles,0
Chrome,0
Music,0
Lab,0
Songs,0
Browser,0
Mike,0
Pence,1
and,1
hält,3
Anfang,1
deutsche,0
deutschen,0
große,3
Frau,1
Beben,1
verschärfte,2
Garg,1
Strenge,1
Meinungsfreiheit,1
Hilfspaket,1
Kassenärztliche,1
Bundesvereinigung,1
Vorsitzkandidat,1
Trotz,1
Gerichtsverfahren,1
Heiliger,1
Krieg,1
Flugtaxi,1
Lilium,1
Wyatt,1
Earp,1
Anna,1
Gallina,1
Amtliche,1
Gefahrenmitteilung,1
sogenannte,1
Eindämmung,1
Gesetzesvorstoß,1
Timo,2
Kastening,2
Mutationen,1
DIY,1
Übungen,1
Falsche,1
Beleuchtung,1
Flatter,1
wendet,2
Sorge,1
Moskau,1
Derzeit,1
heraus,1
funktionieren,1
hingerichtet,1
Absetzung,1
Scheindebatte,1
Übeltäter,1
Wenig,1
Letzter,1
Stern,1
Netzwerker,1
